RAM_GB_group,GBz_median
4,2.500000
8,2.500000
16,2.500000
